id,step,order,section_id
1,"In a blender, combine the rolled oats, cottage cheese, eggs, baking powder, ground cinnamon, vanilla extract, and salt.",1,1
2,"Blend until the mixture is smooth and no oats remain visible, creating a thick, pancake-like batter.",2,1
3,Preheat a non-stick frying pan over medium heat and add the olive oil or coconut oil.,1,2
4,Pour in the batter to form pancakes of your desired size.,2,2
5,"Cook for about 2-3 minutes on one side, or until bubbles begin to form on the surface and the edges look set.",3,2
6,"Carefully flip the pancakes and cook for an additional 2 minutes, or until golden brown.",4,2
7,"Serve the pancakes hot, topped with fresh berries and a dollop of Greek yogurt for added protein and freshness.",1,3
8,"In a large skillet over medium heat, add the olive oil. Once hot, add the chopped onion and garlic, and sauté until softened, about 3 minutes.",1,4
9,"Add the ground beef to the skillet, breaking it apart with a spoon, and cook until browned throughout, approximately 5-6 minutes.",2,4
10,"Stir in the tomato paste, diced tomatoes, salt, black pepper, and Italian seasoning. Reduce the heat to low and allow the sauce to simmer for about 15 minutes, stirring occasionally.",3,4
11,"In a medium bowl, combine the ricotta cheese, egg, and 1/4 cup of the Parmesan cheese. Mix until well combined and set aside.",1,5
12,Preheat your oven to 375°F (190°C).,1,6
13,"In a 9x9-inch baking dish, spread a thin layer of the meat sauce on the bottom.",2,6
14,Place 2 pasta sheets over the sauce. You may need to break them to fit.,3,6
15,"Spread half of the ricotta mixture over the sheets, followed by a third of the mozzarella cheese.",4,6
16,"Repeat with another layer of sauce, pasta, ricotta mixture, and mozzarella.",5,6
17,"Add a final layer of pasta, then top with remaining meat sauce and mozzarella cheese.",6,6
18,Cover the baking dish with aluminum foil and bake in the preheated oven for 30 minutes.,1,7
19,Remove the foil and sprinkle the remaining 1/4 cup of Parmesan cheese on top.,2,7
20,"Return to the oven, uncovered, and bake for an additional 10-15 minutes, or until the cheese is bubbly and golden.",3,7
21,Allow the lasagna to rest for 10 minutes before serving. This will help the layers set and make it easier to slice.,4,7
22,Cut the prawns into bite-sized pieces.,1,8
23,"In a large glass or ceramic bowl, combine the prawns with the lime juice, lemon juice, and a pinch of salt. Ensure the prawns are fully submerged in the juices.",2,8
24,"Cover the bowl and refrigerate for about 20-30 minutes until the prawns turn opaque, indicating they are 'cooked' by the citrus juices.",3,8
25,"While the prawns are marinating, prepare the vegetables. Finely chop the red onion and red chili.",1,9
26,"Dice the cucumber, halve the cherry tomatoes, and chop the coriander leaves.",2,9
27,"Once the prawns are ready, drain the excess citrus juice, leaving a small amount to keep the ceviche moist.",1,10
28,"Incorporate the red onion, red chili, cucumber, cherry tomatoes, and coriander into the bowl with the prawns.",2,10
29,Gently fold in the diced avocado and olive oil.,3,10
30,"Season the ceviche with salt, black pepper, and a pinch of sugar. Adjust seasoning to taste.",4,10
31,"Serve immediately, either on its own or with tortilla chips for a crunchy accompaniment.",5,10
32,Cut the chicken thighs into bite-sized pieces.,1,11
33,"In a bowl, mix Greek yogurt, half of the garlic, half of the ginger, coriander powder, cumin powder, half of the garam masala, turmeric powder, red chili powder, and salt.",2,11
34,"Add the chicken pieces to the marinade, ensuring each piece is well-coated. Cover and refrigerate for at least 30 minutes, or overnight for better flavor.",3,11
35,Heat 1 tablespoon of vegetable oil in a large pan over medium heat.,1,12
36,"Add the marinated chicken pieces to the pan. Cook until the chicken is mostly done, about 8-10 minutes. Remove the chicken from the pan and set aside.",2,12
37,"In the same pan, add the remaining 1 tablespoon of vegetable oil.",1,13
38,Add the chopped onions and sauté until they are golden brown.,2,13
39,"Add the remaining garlic and ginger, sautéing for an additional minute.",3,13
40,"Stir in the tomato puree, then add salt to taste and the remaining garam masala. Simmer for 5-7 minutes, stirring occasionally.",4,13
41,"Return the cooked chicken to the pan, ensuring it is fully coated in the sauce.",1,14
42,"Cook for another 5-10 minutes, or until the chicken is fully cooked and tender.",2,14
43,Taste and adjust seasonings if necessary.,3,14
44,Garnish with freshly chopped coriander leaves before serving.,4,14
45,"Trim the green beans and cut them into bite-sized pieces. Boil them in salted water for about 3-4 minutes, until tender but still crisp. Drain and rinse under cold water to stop the cooking process.",1,15
46,"Boil the new potatoes in salted water for 10-15 minutes, or until tender. Allow them to cool slightly, then slice into bite-sized pieces.",2,15
47,Wash and dry the mixed salad leaves.,3,15
48,Cut the ripe tomatoes into wedges.,4,15
49,Peel and thinly slice the red onion.,5,15
50,Peel the hard-boiled eggs and cut each into quarters.,6,15
51,"In a small bowl, combine the extra virgin olive oil, red wine vinegar, Dijon mustard, and a finely minced clove of garlic.",1,16
52,Whisk the ingredients together until emulsified and season with salt and freshly ground black pepper to taste.,2,16
53,"In a large serving bowl or platter, arrange the salad leaves as the base.",1,17
54,"Evenly distribute the green beans, sliced potatoes, tomato wedges, and red onion slices over the salad leaves.",2,17
55,Break the tuna into chunks and scatter over the salad.,3,17
56,Arrange the quartered eggs and black olives on top.,4,17
57,"Drizzle the vinaigrette over the salad just before serving, and add additional salt and pepper if needed.",5,17
58,"In a large pot, pour in the chicken stock and add the soy sauce, mirin, minced garlic, and grated ginger.",1,18
59,"Bring the mixture to a gentle boil over medium heat, then reduce the heat to low and let it simmer for about 15 minutes.",2,18
60,"While simmering, season with salt and pepper to taste.",3,18
61,Warm the sesame oil in a frying pan over medium heat.,1,19
62,"Add the boneless chicken thighs and cook until they are browned on all sides and fully cooked, about 7-10 minutes.",2,19
63,"Remove the chicken from the pan and let it rest for a few minutes. Then, slice it into thin strips.",3,19
64,"In a separate pot, bring water to a boil and cook the ramen noodles as per package instructions.",1,20
65,Drain the noodles and divide them evenly among four serving bowls.,2,20
66,Place the cooked chicken slices on top of the noodles in each bowl.,1,21
67,Pour the prepared broth over the chicken and noodles until the bowls are filled just below the brim.,2,21
68,"Top each bowl with half of a boiled egg, sliced spring onions, and half a sheet of nori.",3,21
69,"Serve immediately while hot, adding additional soy sauce or salt if desired.",4,21
70,"In a large saucepan, combine the water, lemon slices, bay leaves, black peppercorns, and salt. Bring to a gentle simmer over medium heat.",1,22
71,"Once the poaching liquid is simmering, add the salmon fillets in a single layer. Ensure they are fully submerged. Cover the saucepan with a lid.",2,22
72,"Let the salmon poach gently in the liquid for 10-12 minutes, or until it is opaque and flakes easily with a fork.",3,22
73,Use a slotted spoon to carefully remove the salmon from the poaching liquid and keep warm.,4,22
74,"In a large skillet, heat the olive oil over medium heat. Add the minced garlic and sauté until fragrant, about 1 minute.",1,23
75,"Add the spinach and kale to the skillet. Stir to combine and cook until the greens are wilted, about 3-4 minutes.",2,23
76,Stir in the butter and season with salt and black pepper to taste. Toss until the butter is melted and the greens are well coated.,3,23
77,Divide the wilted greens evenly among four plates.,1,24
78,Place a poached salmon fillet on top of the greens on each plate.,2,24
79,Garnish with additional lemon slices if desired and serve immediately.,3,24
80,Heat a large skillet over medium heat.,1,25
81,"Place the bacon slices in the skillet and cook until crispy, turning occasionally (about 5-7 minutes).",2,25
82,"Once cooked, transfer the bacon to a plate lined with paper towels to drain excess grease.",3,25
83,"In a bowl, whisk together the eggs, milk, salt, and pepper until well combined.",1,26
84,"In the same skillet used for the bacon, heat olive oil over medium heat.",2,26
85,"Pour the egg mixture into the skillet and cook, stirring gently, until soft curds form and the eggs are cooked through (about 3-5 minutes).",3,26
86,Warm the flour tortillas in the microwave for about 20 seconds or in a dry skillet for 30 seconds on each side.,1,27
87,Lay each warm tortilla on a flat surface and evenly divide the scrambled eggs between them.,2,27
88,Crumble two slices of bacon atop the eggs on each tortilla.,3,27
89,Sprinkle half of the grated cheddar cheese over the bacon on each tortilla.,4,27
90,"Add slices of avocado over the cheese, and finish with two tablespoons of fresh salsa on each.",5,27
91,"Carefully roll up the tortillas burrito-style, tucking in the sides as you go to keep the filling secure.",6,27
92,Preheat your oven to 180°C (350°F).,1,28
93,"In a medium bowl, combine almond flour, unsweetened cocoa powder, baking powder, and salt. Stir well to ensure all dry ingredients are mixed thoroughly.",2,28
94,"In a separate large bowl, mix together the granulated erythritol, unsweetened applesauce, eggs, and vanilla extract until smooth and well combined.",1,29
95,Gradually add the dry ingredient mixture into the wet ingredients. Stir until you have a smooth batter.,1,30
96,"If using, fold in dark chocolate chips.",2,30
97,Lightly spray a square baking dish (approximately 20x20 cm) with non-stick cooking spray.,3,30
98,Pour the brownie batter into the prepared dish and spread evenly.,4,30
99,"Bake in the preheated oven for 20-25 minutes, or until a toothpick inserted into the center comes out mostly clean.",5,30
100,Remove from the oven and allow the brownies to cool in the dish for at least 10 minutes.,1,31
101,Cut into 6 equal pieces and serve. Enjoy your guilt-free treat!,2,31
102,Preheat your oven to 220°C (430°F).,1,32
103,"Place the chicken breast-side down. Using kitchen shears, cut along both sides of the backbone to remove it.",2,32
104,Turn the chicken over and press down firmly on the breastbone to flatten the chicken.,3,32
105,"In a small bowl, mix 2 tablespoons of olive oil, lemon juice, minced garlic, rosemary leaves stripped from the sprigs, 2 teaspoons of salt, and 1 teaspoon of black pepper.",4,32
106,"Rub the mixture all over the chicken, ensuring even coverage, and set aside.",5,32
107,"In a large bowl, combine carrots, parsnips, red onions, and potatoes.",1,33
108,"Drizzle with 2 tablespoons of olive oil, and sprinkle with 1 teaspoon of salt and 1 teaspoon of black pepper. Toss well to coat the vegetables evenly.",2,33
109,"On a large baking tray, arrange the root vegetables in an even layer.",1,34
110,"Place the spatchcocked chicken on top of the vegetables, breast side up.",2,34
111,"Transfer to the preheated oven and roast for 45-50 minutes, or until the chicken is golden brown and the internal temperature reaches 75°C (165°F).",3,34
112,"For a crispy skin, turn on the broiler in the last 5 minutes of cooking time while keeping a close eye to prevent burning.",4,34
113,Remove the roasting pan from the oven and let the chicken rest for 10 minutes before carving.,1,35
114,"Serve the chicken with the roasted root vegetables, and enjoy your meal!",2,35
115,Pat the tuna steaks dry with paper towels. Brush each steak with olive oil and season with salt and black pepper on both sides.,1,36
116,"Preheat a grill or grill pan over medium-high heat. Once hot, place the tuna steaks on the grill.",1,37
117,"Grill the tuna steaks for about 2-3 minutes on each side for a rare (or up to 4 minutes for medium rare), depending on your preference.",2,37
118,Remove the tuna steaks from the grill and let them rest on a plate tented with foil.,3,37
119,"In a small saucepan, melt the butter over medium heat. Add the minced garlic and sauté until fragrant, about 1 minute.",1,38
120,"Stir in the lemon juice, chopped parsley, lemon zest, capers, and optional chili flakes. Cook for another 2 minutes, stirring occasionally.",2,38
121,Transfer the grilled tuna steaks onto serving plates. Spoon the garlicky lemon butter sauce over each tuna steak.,1,39
122,Garnish with additional parsley if desired and serve immediately.,2,39
123,Wash the rocket leaves thoroughly under cold running water to remove any dirt or grit.,1,40
124,"If using whole cashews, soak them in warm water for about 20 minutes to soften, then drain.",2,40
125,"In a food processor, combine the fresh rocket leaves, drained cashews, extra virgin olive oil, lemon juice, and minced garlic.",1,41
126,Season with salt and black pepper.,2,41
127,"Start blending and gradually add water, one tablespoon at a time, until the spread reaches your desired consistency.",3,41
128,Taste the spread and adjust the seasoning if necessary.,1,42
129,"Transfer the spread to a bowl and serve immediately with crackers, or refrigerate until ready to serve.",2,42
130,"If refrigerating, allow the spread to come to room temperature for a few minutes before serving to enhance the flavors.",3,42
131,"In a saucepan, bring the vegetable or chicken broth to a gentle simmer. Keep it warm on low heat throughout the cooking process.",1,43
132,"In a large pan, heat 1 tablespoon of olive oil over medium heat. Add the sliced mushrooms and cook until they are browned and soft, about 5-7 minutes.",1,44
133,"Season the mushrooms with a pinch of salt and black pepper, then remove them from the pan and set aside.",2,44
134,"In the same pan, add 1 tablespoon of butter and 1 tablespoon of olive oil. Sauté the chopped onion until translucent, about 3-4 minutes.",1,45
135,Add the minced garlic and sauté for another 30 seconds.,2,45
136,"Stir in the Arborio rice and cook for 1-2 minutes, ensuring each grain is coated with the oil.",3,45
137,Pour in the white wine and stir continuously until the liquid is mostly absorbed by the rice.,4,45
138,"Begin adding the warm broth, one ladle at a time, stirring frequently. Wait until the liquid is almost completely absorbed before adding the next ladle of broth.",5,45
139,"Continue this process until the rice is creamy and al dente, about 18-20 minutes.",6,45
140,"Stir in the cooked mushrooms, remaining butter, grated Parmesan cheese, and lemon zest.",1,46
141,Taste and adjust seasoning with salt and black pepper as desired.,2,46
142,Garnish with fresh parsley and serve immediately.,3,46
143,Pat the oxtail pieces dry with paper towels. Season with salt and black pepper.,1,47
144,"Heat olive oil in a large skillet over medium-high heat. Dredge the oxtail pieces in flour, shaking off excess, and brown them in batches until they have a deep, rich color. Remove and set aside.",2,47
145,"In the same skillet, add onion, carrots, and celery. Sauté until the vegetables are soft, about 5-7 minutes.",1,48
146,"Stir in the garlic and tomato paste, cooking until fragrant, about 1-2 minutes.",2,48
147,"Pour in the red wine, scraping up any browned bits from the bottom of the skillet. Let it reduce slightly, about 3 minutes.",3,48
148,"Transfer the contents of the skillet to a slow cooker. Add the browned oxtail pieces, beef stock, bay leaves, and thyme.",1,49
149,Cover and cook on a low setting for 6-8 hours or until the oxtail is tender and falling off the bone.,2,49
150,"About 45 minutes before serving, add the cubed potatoes to the slow cooker. Stir to ensure they are covered.",1,50
151,"15 minutes before serving, stir in the peas and let them heat through.",2,50
152,Taste and adjust seasoning with salt and pepper if necessary.,3,50
153,Remove and discard the bay leaves from the stew.,1,51
154,"Ladle the stew into bowls, garnish with chopped parsley, and serve hot.",2,51
155,"Boil the peeled and cubed potatoes in salted water until tender, about 15 minutes. Drain well.",1,52
156,"In a separate pan, poach the fish fillets in simmering water for 5-7 minutes, until just cooked through. Remove and let cool slightly.",2,52
157,"Mash the potatoes with butter, salt, and black pepper until smooth.",3,52
158,"Flake the poached fish into the mashed potatoes, add finely chopped parsley, and gently combine to form a thick mixture.",4,52
159,"Shape the mixture into 8 patties, about 2 cm thick.",5,52
160,"Place the flour, beaten eggs, and breadcrumbs into three separate shallow dishes.",1,53
161,"Coat each fish cake in flour, then dip in egg, and finally coat in breadcrumbs, ensuring that each cake is thoroughly covered.",2,53
162,"Heat vegetable oil in a frying pan over medium heat and fry the fish cakes for about 3-4 minutes on each side, until golden brown and crispy.",3,53
163,Remove the fish cakes from the pan and place on a paper towel-lined plate to absorb excess oil.,4,53
164,"In a small bowl, mix mayonnaise, Dijon mustard, capers, gherkins, lemon juice, and chives until well combined.",1,54
165,"Serve the fish cakes hot, topped with a generous spoonful of tartar sauce.",1,55
166,Wash and pat dry the zucchinis.,1,56
167,Use a spiralizer to turn the zucchinis into noodles (zoodles).,2,56
168,Transfer the zoodles to a large salad bowl.,3,56
169,Drain and rinse the soaked cashews.,1,57
170,"In a high-speed blender, combine the drained cashews, nutritional yeast, lemon juice, minced garlic, water, olive oil, salt, and black pepper.",2,57
171,"Blend the ingredients until smooth and creamy, adjusting the seasoning as needed.",3,57
172,Pour the raw Alfredo sauce over the zoodles and gently toss to coat evenly.,1,58
173,Divide the zoodles among serving plates.,2,58
174,Garnish with fresh basil leaves and halved cherry tomatoes.,3,58
175,Serve immediately and enjoy your vegan zoodles with raw Alfredo sauce!,4,58
176,"Peel and dice the onion, carrots, and parsnips. Mince the garlic cloves. Peel and cube the butternut squash and sweet potato.",1,59
177,"In a large pot, heat the olive oil over medium heat. Add the diced onion and sauté until translucent, about 5 minutes.",1,60
178,Add the minced garlic and sauté for another minute until fragrant.,2,60
179,"Stir in the diced carrots, parsnips, cubed butternut squash, and sweet potato. Cook for 5 minutes, stirring occasionally.",3,60
180,"Pour in the vegetable stock, adding more if necessary to cover the vegetables completely.",4,60
181,"Add the bay leaves, dried thyme, salt, pepper, and ground nutmeg. Stir to combine.",5,60
182,"Bring the soup to a boil, then reduce the heat to a simmer. Cover and cook for 25-30 minutes, or until the vegetables are tender.",6,60
183,Remove the bay leaves from the soup.,1,61
184,"Using an immersion blender, blend the soup until smooth and creamy. For a chunkier texture, blend only half of the soup.",2,61
185,"If desired, stir in cream at the end for a richer texture.",3,61
186,Taste and adjust seasoning with more salt and pepper as needed.,4,61
187,"Serve hot, garnished with chopped parsley.",5,61
188,"In a large mixing bowl, combine the rolled oats, chopped dried cherries, ground flaxseeds, chia seeds, and sea salt.",1,62
189,"In a separate bowl, mix together the almond butter, honey, and vanilla extract until smooth.",2,62
190,"Pour the almond butter mixture into the dry ingredients and mix well until all ingredients are evenly combined. The mixture should be sticky enough to hold together. If it's too dry, add a bit more almond butter or honey.",1,63
191,"If using, gently fold in the dark chocolate chips.",2,63
192,Scoop approximately a tablespoon of the mixture and roll it between your palms to form a ball. Repeat with the remaining mixture.,3,63
193,Place the energy balls on a tray lined with parchment paper and refrigerate for at least 30 minutes to set.,1,64
194,"Once set, store the energy balls in an airtight container in the refrigerator for up to two weeks.",2,64
195,Preheat your oven to 150°C (300°F) and line two large baking sheets with parchment paper.,1,65
196,Wash the kale leaves thoroughly and dry them using a salad spinner or pat dry with a clean kitchen towel to remove all moisture.,2,65
197,Place the dried kale leaves into a large mixing bowl.,1,66
198,Drizzle the olive oil over the kale leaves and gently massage with your fingers to ensure all leaves are evenly coated with oil.,2,66
199,"Sprinkle the sea salt, garlic powder, paprika, and freshly ground black pepper over the oiled kale and toss the leaves to evenly distribute the seasonings.",3,66
200,"Spread the seasoned kale leaves in a single layer on the prepared baking sheets, ensuring they do not overlap.",1,67
201,"Bake the kale in the preheated oven for 20-25 minutes, turning the trays halfway through baking, until the leaves are crispy and slightly browned but not burnt.",2,67
202,Remove the baking sheets from the oven and allow the kale chips to cool on the sheets for a few minutes before serving.,3,67
203,Bring a large pot of salted water to a boil.,1,68
204,Add the penne pasta and cook according to the package instructions until al dente.,2,68
205,"Drain the pasta and set aside, reserving a cup of the pasta water.",3,68
206,"In a large skillet, heat the olive oil over medium heat.",1,69
207,"Add the minced garlic and sauté until fragrant, about 1 minute.",2,69
208,"Pour in the heavy cream and bring it to a gentle simmer, stirring occasionally.",3,69
209,"Add the crumbled gorgonzola cheese to the skillet, stirring constantly until the cheese has melted and the sauce is smooth.",4,69
210,Return the cooked penne to the pot or a large serving bowl.,1,70
211,"Pour the creamy gorgonzola sauce over the pasta, tossing to coat. If the sauce is too thick, add some reserved pasta water to reach the desired consistency.",2,70
212,Season the pasta with salt and black pepper to taste.,3,70
213,Gently mix in the chopped parsley and basil.,4,70
214,"Serve the pasta hot, garnished with grated Parmesan cheese and chopped toasted walnuts for added texture and flavor.",5,70
215,Heat the olive oil in a large pot over medium heat.,1,71
216,"Add the chopped onion and sauté until translucent, about 5 minutes.",2,71
217,"Stir in the minced garlic, diced carrots, and diced celery, and cook for another 5 minutes until they begin to soften.",3,71
218,Add the rinsed split peas to the pot and stir to combine with the sautéed vegetables.,1,72
219,Place the smoked ham hock or bone into the pot.,2,72
220,"Pour in the vegetable stock or water, ensuring the ingredients are fully submerged.",3,72
221,Add the bay leaf and dried thyme.,4,72
222,"Bring the mixture to a boil, then reduce the heat to low, cover the pot, and simmer for 1 hour, stirring occasionally.",5,72
223,"Check the texture of the peas; if they are soft and breaking apart, remove the bay leaf and ham hock from the pot.",1,73
224,Shred the meat from the ham hock if desired and return the meat to the soup.,2,73
225,Season the soup with salt and black pepper to taste.,3,73
226,"If you prefer a smoother consistency, use an immersion blender to partially or fully blend the soup.",4,73
227,Ladle the soup into bowls and serve hot.,5,73
228,Preheat oven to 180°C (350°F).,1,74
229,"Cook the macaroni according to package instructions until al dente, then drain and set aside.",2,74
230,"In a medium saucepan, melt the butter over medium heat.",1,75
231,Add the flour and stir continuously for about 2 minutes to form a roux.,2,75
232,"Slowly add the milk, whisking continuously to prevent lumps from forming, and cook until the mixture thickens.",3,75
233,"Reduce the heat and add the grated Cheddar and Parmesan cheeses, stirring until the cheese is completely melted and the sauce is smooth.",4,75
234,Season the sauce with salt and freshly ground black pepper to taste.,5,75
235,Add the cooked macaroni to the cheese sauce and stir well to coat the pasta evenly.,1,76
236,Transfer the macaroni and cheese mixture to a baking dish.,2,76
237,Sprinkle the top with breadcrumbs for a crispy topping.,3,76
238,Bake in the preheated oven for 20-25 minutes or until the top is golden brown and the sauce is bubbling.,4,76
239,"In a large bowl, combine sliced beef sirloin, cornstarch, salt, and black pepper. Toss until the beef is evenly coated.",1,77
240,Preheat the air fryer to 200°C (392°F).,2,77
241,Place the coated beef in the air fryer basket in a single layer.,1,78
242,Lightly spray the beef with vegetable oil to ensure crispiness.,2,78
243,"Air fry the beef at 200°C (392°F) for 12-15 minutes, turning halfway through, until beef is crisp and golden brown.",3,78
244,"In a small saucepan, heat 2 tablespoons of vegetable oil over medium heat.",1,79
245,"Add minced garlic and sliced red chilies, and sauté for 2-3 minutes until fragrant.",2,79
246,"Stir in soy sauce, rice vinegar, and brown sugar. Cook for another 2-3 minutes until the sauce thickens slightly.",3,79
247,Transfer the crispy beef from the air fryer to a large mixing bowl.,1,80
248,"Pour the chilli sauce over the fried beef, tossing until well combined.",2,80
249,Garnish with sliced spring onions and toasted sesame seeds before serving.,3,80
250,Shred the cabbage and place it in a large mixing bowl.,1,81
251,Grate the carrots using a box grater and add them to the bowl.,2,81
252,"Chop the green onions into thin slices and dice the red bell pepper, then add both to the bowl with the cabbage and carrots.",3,81
253,"In a small bowl, combine the low-fat plain yogurt, light mayonnaise, apple cider vinegar, honey, and Dijon mustard. Whisk until smooth.",1,82
254,Pour the dressing over the shredded vegetables.,1,83
255,Season with salt and black pepper to taste.,2,83
256,Toss everything together until the vegetables are well coated with the dressing.,3,83
257,Cover the bowl with plastic wrap and refrigerate for at least 30 minutes to allow the flavors to meld.,4,83
258,Serve chilled as a side dish or as a topping for sandwiches.,5,83
259,Chop the chives finely and set aside.,1,84
260,Shred the cheddar cheese if not pre-shredded.,2,84
261,"In a large skillet, cook the bacon strips over medium heat until crispy, about 6-8 minutes.",1,85
262,"Remove bacon from the skillet and place on a paper towel-lined plate to drain excess grease. Once cooled, crumble the bacon into smaller pieces.",2,85
263,"In a bowl, whisk together eggs, milk, salt, and black pepper until well combined.",1,86
264,"In the same skillet used for the bacon, melt the butter over medium heat.",2,86
265,"Pour in the egg mixture and cook, gently stirring, until the eggs are softly scrambled and slightly undercooked. Remove from heat and set aside.",3,86
266,"Lay the tortillas flat and evenly distribute cheese, scrambled eggs, bacon, and chives over one half of each tortilla.",1,87
267,Fold the tortillas in half to enclose the filling.,2,87
268,"Heat a clean skillet over medium heat and cook each quesadilla for about 2-3 minutes on each side, or until the tortilla is golden brown and the cheese is melted.",3,87
269,Preheat the oven to 190°C (375°F).,1,88
270,"In a saucepan, melt the butter over medium heat, then add minced garlic and sauté until fragrant.",2,88
271,"Stir in the heavy cream and whole milk, and bring to a gentle simmer.",3,88
272,"Layer the thinly sliced potatoes in a greased baking dish, and season each layer with salt and pepper.",4,88
273,Pour the simmered cream mixture over the potatoes and top with grated Gruyère cheese.,5,88
274,"Bake in the preheated oven for 45-50 minutes, or until the top is golden and the potatoes are tender.",6,88
275,"While the potatoes are baking, score the skin of the duck breasts in a crisscross pattern.",1,89
276,Season the duck breasts with salt and freshly ground black pepper.,2,89
277,"Place duck breasts skin-side down in a cold frying pan, then place over medium heat.",3,89
278,"Cook the duck until the skin is crispy and golden, about 6-8 minutes. Flip and cook for another 4-5 minutes or until desired doneness.",4,89
279,Remove the duck breasts from the pan and let rest for at least 5 minutes before slicing.,5,89
280,"In the same frying pan, add olive oil and sauté the finely chopped shallots until soft.",1,90
281,"Stir in redcurrant jelly and Dijon mustard, mixing until smooth.",2,90
282,"Pour in the chicken stock and bring the mixture to a simmer, allowing the sauce to thicken slightly.",3,90
283,Adjust seasoning with salt and pepper as needed. Strain the sauce if desired for a smoother consistency.,4,90
284,Slice the duck breasts and arrange them on a plate alongside a portion of potato dauphinoise.,1,91
285,Drizzle the redcurrant-Dijon sauce over the duck and serve immediately.,2,91
286,Preheat the oven to 180°C (350°F).,1,92
287,"In a bowl, combine the crushed graham crackers and melted butter until evenly moistened.",2,92
288,Press the mixture firmly into the bottom of a 23cm (9-inch) springform pan to form the crust.,3,92
289,Bake the crust in the preheated oven for 10 minutes to set. Remove and let it cool while preparing the filling.,4,92
290,"In a large mixing bowl, beat the softened cream cheese with an electric mixer until smooth and creamy.",1,93
291,"Gradually add the granulated sugar, beating until fully incorporated.",2,93
292,"Mix in the vanilla extract, followed by the eggs, adding them one at a time and mixing well after each addition.",3,93
293,"Add the heavy cream, flour, and salt to the mixture, and beat just until combined and smooth.",4,93
294,Pour the cheesecake filling over the cooled crust in the springform pan.,1,94
295,Smooth the top with a spatula or the back of a spoon to ensure even baking.,2,94
296,"Place the filled pan on a baking sheet and bake in the preheated oven for about 50-60 minutes, until the edges are set but the center slightly jiggles.",3,94
297,Turn off the oven and leave the cheesecake inside with the oven door slightly ajar for about 1 hour to cool slowly and prevent cracking.,1,95
298,Transfer the cheesecake to a refrigerator and chill for at least 4 hours or overnight before serving.,2,95
299,"Remove the cheesecake from the springform pan, slice, and enjoy your Classic Cheesecake.",3,95
300,"In a large bowl, whisk together the all-purpose flour, baking powder, ground cinnamon, ground nutmeg, and salt.",1,96
301,"In another bowl, mix the pumpkin puree, granulated sugar, eggs, milk, and vanilla extract until well combined.",2,96
302,Add the wet ingredients to the dry ingredients and stir until just combined. Do not overmix.,3,96
303,Fold in the melted butter until incorporated.,4,96
304,Heat a non-stick frying pan or griddle over medium heat. Lightly grease with butter if needed.,1,97
305,Pour about 60 milliliters (approximately 1/4 cup) of batter onto the pan for each flapjack.,2,97
306,"Cook until bubbles start to form on the surface and the edges look set, about 2-3 minutes. Flip and cook for another 2 minutes until golden brown.",3,97
307,Transfer the cooked flapjacks to a warm plate and keep covered. Repeat with the remaining batter.,4,97
308,Place a stack of flapjacks on each serving plate.,1,98
309,Top each stack with a dollop of mascarpone cheese.,2,98
310,Scatter the mixed fresh berries over the top.,3,98
311,Drizzle with maple syrup if desired.,4,98
312,Serve immediately and enjoy your pumpkin flapjacks with mascarpone and berries.,5,98
313,"In a small bowl, combine the matcha powder and grated ginger.",1,99
314,Add a small amount of almond milk (about 50 ml) to the matcha-ginger mix and whisk until smooth to form a paste.,2,99
315,"In a medium saucepan, heat the remaining almond milk over medium heat until just warm, not boiling.",1,100
316,Stir in the honey and vanilla extract until dissolved.,2,100
317,Pour the warm almond milk mixture into the bowl containing the matcha paste and whisk until well combined.,1,101
318,Fill four glasses with ice cubes.,2,101
319,Pour the iced ginger matcha latte mix over the ice in each glass evenly.,3,101
320,Preheat your oven to 160°C (320°F) and line a large baking tray with parchment paper.,1,102
321,"In a large mixing bowl, combine the rolled oats, chopped almonds, chopped walnuts, and sunflower seeds.",2,102
322,"Stir in the ground cinnamon and salt, ensuring an even coat across the dry ingredients.",3,102
323,"In a separate bowl, whisk together the honey, melted coconut oil, and vanilla extract until well blended.",1,103
324,Pour the wet mixture over the dry ingredients and toss until the oats and nuts are thoroughly coated.,1,104
325,Spread the mixture evenly onto the prepared baking tray.,2,104
326,"Bake in the preheated oven for 25-30 minutes, stirring halfway through to ensure even baking, or until the granola is golden brown.",3,104
327,Remove the tray from the oven and let the granola cool completely on the baking tray to allow it to crisp up.,1,105
328,"Once cooled, fold in the diced dried apricots and dried cranberries.",2,105
329,Store the granola in an airtight container for up to two weeks.,3,105
330,"Fill a large pot with water, add a generous amount of salt, and bring to a boil.",1,106
331,"Add the spaghetti and cook until it is just shy of al dente, about 1 minute less than the package instructions.",2,106
332,Reserve 1 cup of pasta water and then drain the spaghetti.,3,106
333,"While the pasta is cooking, in a large skillet, heat the freshly ground black pepper over medium heat for about 1 minute to release its fragrant oils.",1,107
334,Add about 2 ladles of the reserved pasta water to the skillet and bring to a simmer.,2,107
335,Transfer the cooked spaghetti into the skillet with the simmering pepper-water mixture.,1,108
336,Add half of the grated Pecorino Romano cheese and begin tossing the pasta quickly using tongs or a pasta fork to combine the cheese with the pasta.,2,108
337,"Gradually add more cheese and some reserved pasta water as needed to create a creamy sauce that clings to the pasta, continuing to toss until well combined. Adjust the consistency with more pasta water if necessary, ensuring the sauce is smooth and glossy.",3,108
338,Taste and adjust seasoning with salt and more black pepper if desired.,1,109
339,"Divide the pasta among four bowls, making sure each portion is well-coated with sauce.",2,109
340,"Serve immediately while hot, topped with additional grated Pecorino Romano cheese if desired.",3,109
341,Cut the beef tenderloin into small cubes and set aside.,1,110
342,Peel the potatoes and dice them into small cubes of similar size to the beef.,2,110
343,Finely chop the large yellow onion.,3,110
344,Heat 2 tablespoons of butter and 1 tablespoon of vegetable oil in a large skillet over medium heat.,1,111
345,"Add the diced potatoes and cook, stirring occasionally, for about 15-20 minutes or until they are golden and crispy. Season with salt and pepper to taste. Remove from the skillet and set aside.",2,111
346,"In the same skillet, add 1 tablespoon of butter and sauté the chopped onion until soft and translucent, about 5 minutes. Remove from the skillet and set aside.",3,111
347,Add the remaining butter and a tablespoon of vegetable oil to the skillet. Increase the heat to medium-high and add the diced beef.,4,111
348,"Cook the beef until browned on the outside but still pink inside, about 3-4 minutes. Season with salt and pepper to taste. Be careful not to overcook the beef.",5,111
349,"In a small pan, stir together the Dijon mustard and heavy cream over low heat until combined and warm. Do not boil.",1,112
350,"Arrange the crispy potatoes, sautéed onions, and cooked beef on a serving platter.",2,112
351,Drizzle the mustard cream sauce over the beef and garnish with chopped fresh parsley and capers. Serve immediately.,3,112
352,"In a large, heavy pot, heat olive oil over medium heat.",1,113
353,"Add the finely chopped onion, sliced leek, and thinly sliced fennel bulb to the pot. Sauté until soft and translucent, about 5-7 minutes.",2,113
354,"Stir in the minced garlic, chopped tomatoes, fresh thyme leaves, bay leaf, and saffron threads. Cook for another 3 minutes until fragrant.",3,113
355,"Pour in the fish stock and dry white wine, then add the grated orange zest. Bring the mixture to a simmer.",1,114
356,Season with salt and freshly ground black pepper to taste. Allow the broth to simmer gently for about 20 minutes to develop flavors.,2,114
357,"Add the red mullet, monkfish, and sea bass to the simmering broth. Cook for 5 minutes until the fish begins to flake.",1,115
358,Add the mussels to the pot and cover with a lid. Cook for an additional 5 minutes until the mussels have opened.,2,115
359,Discard any unopened mussels and the bay leaf.,1,116
360,"Ladle the bouillabaisse into warm bowls, garnishing each serving with freshly chopped parsley.",2,116
361,"Serve with toasted baguette slices on the side, if desired.",3,116
362,Soak the gelatin sheets in a bowl of cold water for 5 minutes to soften.,1,117
363,"In a saucepan over medium heat, combine the heavy cream and 100 g of granulated sugar. Stir occasionally until the sugar is dissolved and the mixture is warm, but not boiling.",2,117
364,Remove the saucepan from the heat. Squeeze the excess water from the gelatin sheets and add them to the warm cream mixture along with the vanilla extract. Stir until completely dissolved.,3,117
365,Pour the mixture into four ramekins or serving glasses. Let them cool at room temperature for 20 minutes.,4,117
366,"Cover the ramekins with plastic wrap and refrigerate for at least 4 hours, or until set.",5,117
367,"In a small saucepan over medium heat, combine the raspberries, 50 g of granulated sugar, lemon juice, and water.",1,118
368,"Cook the mixture for about 5-7 minutes, stirring occasionally, until the raspberries break down and the sauce thickens.",2,118
369,"Remove from heat and strain the sauce through a fine mesh sieve to remove seeds, if desired. Let the sauce cool before serving.",3,118
370,"Once the panna cotta is set, carefully run a knife around the edge of each ramekin to loosen the custard.",1,119
371,Invert the ramekins onto serving plates; gently shake to release the panna cotta.,2,119
372,Drizzle the cooled raspberry sauce generously over each panna cotta and serve immediately.,3,119
373,Place the bulgur wheat in a large bowl.,1,120
374,"Pour the boiling water over the bulgur wheat, cover, and let it sit for 20 minutes to absorb the water and soften.",2,120
375,"After 20 minutes, fluff the bulgur with a fork and set aside to cool.",3,120
376,"While the bulgur is absorbing the water, prepare the vegetables: dice the tomatoes and cucumber, and finely chop the parsley and mint.",1,121
377,"Combine the diced tomatoes, cucumber, chopped parsley, and mint in a large mixing bowl.",2,121
378,Add the cooled bulgur wheat to the vegetable mixture.,1,122
379,Add the finely sliced green onions to the bowl.,2,122
380,"In a small bowl, whisk together the lemon juice, olive oil, salt, and black pepper.",3,122
381,Pour the dressing over the tabbouleh mixture and toss everything together until well combined.,4,122
382,Taste and adjust the seasoning with additional salt or pepper if needed.,5,122
383,Transfer the tabbouleh to a serving dish.,1,123
384,Serve immediately or refrigerate for up to an hour to allow the flavors to blend more thoroughly.,2,123
385,Preheat your oven to 200°C (400°F).,1,124
386,Pat the pork tenderloin dry with paper towels. Season both sides with salt and ground black pepper.,2,124
387,Heat olive oil in a large oven-safe skillet over medium-high heat.,3,124
388,"Sear the pork tenderloin on all sides until browned, about 3-4 minutes per side. Remove from heat.",4,124
389,"In the same skillet, add the minced garlic and cook for about 30 seconds until fragrant.",1,125
390,"Add the honey, soy sauce, and apple cider vinegar to the skillet. Stir to combine.",2,125
391,"In a small bowl, mix the cornstarch with water to create a slurry, then add it to the skillet. Cook the sauce, stirring continuously, until it thickens slightly, about 1 minute.",3,125
392,"Return the pork tenderloin to the skillet, spooning some of the sauce over the pork.",1,126
393,"Transfer the skillet to the preheated oven and roast for 15-20 minutes, or until the internal temperature of the pork reaches 63°C (145°F).",2,126
394,"Once cooked, remove the pork from the oven and let it rest for 5 minutes before slicing.",3,126
395,Slice the pork into medallions and drizzle with the remaining honey garlic sauce.,4,126
396,Garnish with chopped fresh parsley before serving.,5,126
397,"In a food processor, combine olive oil, lemon juice, minced garlic, chopped red chili, paprika, cayenne pepper, salt, and black pepper.",1,127
398,Blend the ingredients until you have a smooth paste.,2,127
399,Place the prawns in a large bowl.,1,128
400,Pour the prepared Peri Peri sauce over the prawns and toss to coat evenly.,2,128
401,Cover the bowl and refrigerate for at least 30 minutes to allow the prawns to marinate.,3,128
402,Heat a grill pan or skillet over medium-high heat.,1,129
403,"Add the marinated prawns in a single layer, ensuring they do not overlap.",2,129
404,Cook for 2-3 minutes on each side until prawns turn pink and opaque.,3,129
405,"In a small bowl, mix chopped parsley, diced red bell pepper, and finely chopped white onion.",1,130
406,Remove the prawns from the heat and garnish with the prepared parsley mixture.,2,130
407,"Serve immediately, with extra lemon wedges if desired.",3,130
408,"In a small saucepan, heat the milk until lukewarm. Remove from heat and add the yeast, stirring until dissolved. Set aside for 5 minutes to activate.",1,131
409,"In a large mixing bowl, combine flour, sugar, salt, and ground cardamom seeds. Add the softened butter and mix until the texture resembles breadcrumbs.",2,131
410,"Pour the yeast mixture into the dry ingredients, followed by the beaten egg. Mix and knead the dough by hand or using a mixer with a dough hook for about 10 minutes until smooth and elastic.",3,131
411,"Cover the bowl with plastic wrap or a clean towel and let the dough rise in a warm place for about 1 hour, or until it has doubled in size.",4,131
412,"In a separate bowl, prepare the filling by combining sugar, softened butter, and ground cardamom seeds. Mix until smooth.",1,132
413,Punch down the risen dough and turn it out onto a lightly floured surface. Roll it into a rectangle approximately 30 cm x 50 cm.,2,132
414,Spread the cardamom filling evenly over the entire surface of the dough rectangle.,3,132
415,"Fold one-third of the dough over towards the center, and then fold the opposite third over that to create a letter fold.",4,132
416,"Using a sharp knife or pizza cutter, slice the folded dough into 10 even strips.",5,132
417,"Take each strip and twist them, then tie them into a knot. Place each knot onto a baking sheet lined with parchment paper.",6,132
418,Preheat the oven to 200°C (392°F).,1,133
419,Cover the baking sheet with a clean towel and let the buns rise for about 30 minutes.,2,133
420,Brush each bun with the beaten egg for a glossy finish.,3,133
421,"Bake in the preheated oven for 10-12 minutes, or until golden brown.",4,133
422,Remove from the oven and let cool on a wire rack. Serve warm or at room temperature.,5,133
423,"Cut the avocados in half, remove the pits, and scoop the flesh into a large mixing bowl.",1,134
424,Mash the avocado with a fork or potato masher until you reach your desired consistency.,2,134
425,"Add the red onion, tomato, cilantro, lime juice, jalapeño, and garlic to the mashed avocado.",1,135
426,"Sprinkle with salt and pepper, then stir everything together until well combined.",2,135
427,"Taste the guacamole and adjust seasoning if necessary, adding more salt, pepper, or lime juice to your preference.",1,136
428,"Cover the bowl with plastic wrap, pressing it directly onto the surface of the guacamole to prevent browning.",2,136
429,Refrigerate for at least 30 minutes to allow the flavors to meld.,3,136
430,"Serve chilled alongside tortilla chips, use as a topping for tacos, or enjoy as a spread on sandwiches.",1,137
431,Cut the chicken breasts into bite-sized pieces.,1,138
432,Slice the onion and bell peppers into thin strips.,2,138
433,Mince the garlic and ginger if not already prepared.,3,138
434,Heat the vegetable oil in a large pan over medium heat.,1,139
435,"Add the sliced onions and sauté until they become translucent, about 5 minutes.",2,139
436,"Add the minced garlic and ginger, cooking for an additional 2 minutes.",3,139
437,"Stir in the chicken pieces, cooking until they are lightly browned on all sides.",4,139
438,Add the sliced bell peppers and chopped tomatoes to the pan.,5,139
439,"Mix in the tomato puree, garam masala, ground cumin, ground coriander, turmeric powder, and red chili powder.",6,139
440,Season with salt to taste.,7,139
441,"Reduce the heat to low and cover the pan. Let the mixture simmer for 15-20 minutes, stirring occasionally, until the chicken is cooked through and the bell peppers are tender.",8,139
442,"Once cooked, garnish the Chicken Jalfrezi with freshly chopped coriander leaves.",1,140
443,Serve hot with basmati rice or naan bread.,2,140
444,Sprinkle sliced eggplants with salt and let them sit for 30 minutes to draw out moisture.,1,141
445,Rinse the eggplants and pat them dry with paper towels.,2,141
446,Heat 2 tablespoons of olive oil in a pan over medium heat and fry the eggplant slices until golden on both sides. Set aside on paper towels to drain.,3,141
447,"In the same pan, add 2 tablespoons of olive oil and sauté the chopped onion until soft.",1,142
448,Add minced garlic and cook for an additional 1 minute.,2,142
449,Add the ground lamb and cook until browned.,3,142
450,"Stir in the tomato paste, red wine, crushed tomatoes, cinnamon, allspice, salt, and black pepper.",4,142
451,Reduce the heat and let simmer for 20 minutes until the sauce thickens. Set aside.,5,142
452,Melt butter in a saucepan over medium heat.,1,143
453,"Whisk in flour and cook for 1-2 minutes, stirring continuously.",2,143
454,Slowly add milk while whisking to prevent lumps. Continue cooking until the sauce thickens.,3,143
455,"Remove the saucepan from heat and stir in beaten egg yolks, nutmeg, and half of the grated Parmesan cheese. Adjust seasoning with salt to taste.",4,143
456,Preheat oven to 180°C (350°F).,1,144
457,Layer half of the eggplant slices in the bottom of an oiled baking dish.,2,144
458,"Spread the meat sauce over the eggplants, then add the remaining eggplant slices on top of the sauce.",3,144
459,Pour the béchamel sauce evenly over the layers and sprinkle with the rest of the Parmesan cheese.,4,144
460,Bake in the preheated oven for 40 minutes or until the top is golden brown.,5,144
461,Allow to cool for 10 minutes before serving.,6,144
462,Wash the spinach and rocket thoroughly under running water to remove any dirt or debris. Pat them dry with a kitchen towel or paper towels.,1,145
463,"In a blender, add the spinach and milk. Blend until smooth to create a spinach puree.",2,145
464,Mash the avocado in a small bowl and mix with lemon juice to prevent it from browning. Season with a pinch of salt and black pepper.,3,145
465,"In a medium bowl, whisk together the eggs and spinach puree until fully combined. Season with salt and black pepper.",1,146
466,"Heat a non-stick frying pan over medium heat and add the butter. Once the butter is melted and slightly foamy, pour in the egg mixture.",2,146
467,"Gently stir the eggs with a spatula, scraping from the edges to the center, until the eggs begin to set but are still slightly runny. Remove from heat, as the eggs will continue to cook with residual heat.",3,146
468,Toast the sourdough slices in a toaster or under a grill until golden and crispy.,1,147
469,Spread an even layer of mashed avocado onto each slice of toasted sourdough.,2,147
470,Place an equal amount of scrambled green eggs onto the avocado-topped slices of bread.,3,147
471,Top the eggs with a handful of fresh rocket leaves.,4,147
472,"Drizzle a small amount of olive oil over the rocket, and season with salt and pepper to taste.",5,147
473,Place the remaining slices of sourdough on top of each sandwich to close.,6,147
474,Serve immediately and enjoy your vibrant Green Egg Sandwich!,7,147
